{
  "type": "minecraft:block",
  "pools": [
    {
      "rolls": 1,
      "bonus_rolls": 0,
      "entries": [
        {
          "type": "minecraft:item",
          "name": "minecraft:raw_iron",
          "functions": [
            {
              "function": "minecraft:set_count",
              "count": 0
            },
            {
              "function": "minecraft:set_count",
              "count": {
                "type": "minecraft:score",
                "target": "this",
                "score": "miningFortune50",
                "scale": 0.01
              },
              "add": true
            },
            {
              "function": "minecraft:set_count",
              "count": 1,
              "add": true,
              "conditions": [
                {
                  "condition": "minecraft:entity_scores",
                  "entity": "this",
                  "scores": {
                    "miningFortune.rnd": {
                      "min": {
                        "type": "minecraft:score",
                        "target": {
                          "type": "minecraft:fixed",
                          "name": "global"
                        },
                        "score": "rnd"
                      }
                    }
                  }
                }
              ]
            },
            {
              "function": "minecraft:furnace_smelt",
              "conditions": [
                {
                  "condition": "minecraft:entity_properties",
                  "entity": "this",
                  "predicate": {
                    "equipment": {
                      "mainhand": {
                        "nbt": "{Smelting:1b}"
                      }
                    }
                  }
                }
              ]
            }
          ]
        }
      ]
    }
  ],
  "random_sequence": "minecraft:blocks/iron_ore"
}