{
  "type": "minecraft:entity",
  "pools": [
    {
      "rolls": 1,
      "entries": [
        {
          "type": "minecraft:item",
          "name": "minecraft:ender_eye",
          "functions": [
            {
              "function": "minecraft:set_nbt",
              "tag": "{display:{Name:'[{\"text\":\"Summoning Eye\",\"italic\":false,\"color\":\"blue\"}]'},Enchantments:[{id:protection,lvl:1}],HideFlags:1}"
            }
          ]
        }
      ]
    },
    {
      "rolls": 1,
      "entries": [
        {
          "type": "minecraft:item",
          "name": "minecraft:end_stone",
          "functions": [
            {
              "function": "minecraft:set_nbt",
              "tag": "{display:{Name:'[{\"text\":\"Enchanted End Stone\",\"italic\":false,\"color\":\"green\"}]'},Enchantments:[{id:protection,lvl:1}],HideFlags:1,Enchanted:1b}"
            }
          ]
        },
        {
          "type": "minecraft:item",
          "name": "minecraft:ender_pearl",
          "functions": [
            {
              "function": "minecraft:set_nbt",
              "tag": "{display:{Name:'[{\"text\":\"Enchanted Ender Pearl\",\"italic\":false,\"color\":\"green\"}]'},Enchantments:[{id:protection,lvl:1}],HideFlags:1,Enchanted:1b}"
            }
          ]
        }
      ],
      "conditions": [
        {
          "condition": "minecraft:random_chance",
          "chance": 0.1
        }
      ]
    }
  ]
}
