{
  "feature": "minecraft:ore_redstone",
  "placement": [
    {
      "type": "minecraft:count",
      "count": 80
    },
    {
      "type": "minecraft:in_square"
    },
    {
      "type": "minecraft:height_range",
      "height": {
        "type": "minecraft:trapezoid",
        "max_inclusive": {
          "above_bottom": 32
        },
        "min_inclusive": {
          "above_bottom": -32
        }
      },
      "min_inclusive": {
        "above_bottom": -32
      },
      "max_inclusive": {
        "above_bottom": 32
      }
    },
    {
      "type": "minecraft:biome"
    }
  ]
}
